Ruta de acceso;Nombre;Tipo de elemento
sitios/cd/controldegestion/1. Plan y Control/3. Panel de Control/0 CV/2018/1803. Marzo;1803. Carpeta de Comité CV 37 Mar.pdf;Item
sitios/cd/controldegestion/1. Plan y Control/3. Panel de Control/0 CV/2018/1804. Abril;1804. Carpeta de Comité CV 38 Abr.pdf;Item
sitios/cd/controldegestion/1. Plan y Control/3. Panel de Control/2 Survial/2018/1809. Septiembre;1809. Carpeta de Comité S-C 03 Sep18.pdf;Item
sitios/cd/controldegestion/1. Plan y Control/3. Panel de Control/2 Survial/2018/1812. Diciembre;1812. Carpeta de Comité S-C Dic18.pdf;Item
sitios/cd/controldegestion/1. Plan y Control/3. Panel de Control/2 Survial/2019/1902. Febrero;1902. Carpeta de Comité S-C Feb19.pdf;Item
sitios/cd/controldegestion/1. Plan y Control/3. Panel de Control/2 Survial/2019/1903. Marzo;1903. Carpeta de Comité S-C Mar19 rr.pdf;Item
sitios/cd/controldegestion/1. Plan y Control/3. Panel de Control/2 Survial/2019/1905. Mayo;1905. Carpeta de Comité S-C May19.pdf;Item
sitios/cd/controldegestion/1. Plan y Control/3. Panel de Control/2 Survial/2019/1906. Junio;1906. Carpeta de Comité S-C Jun19 Final.pdf;Item
sitios/cd/controldegestion/1. Plan y Control/3. Panel de Control/2 Survial/2019/1906. Junio/Diligent;1906. Carpeta de Comité S-C Jun19 Final.pdf;Item
sitios/cd/controldegestion/1. Plan y Control/3. Panel de Control/2 Survial/2019/1907. Julio;1906. Carpeta de Comité S-C Jun19 Final.pdf;Item
sitios/cd/controldegestion/1. Plan y Control/3. Panel de Control/2 Survial/2019/1907. Julio;1907. Carpeta de Comité S-C Jul19 (vf).pdf;Item
sitios/cd/controldegestion/1. Plan y Control/3. Panel de Control/2 Survial/2019/1908. Agosto;1908. Carpeta de Comité S-C Ago19 Rev.4.pdf;Item
sitios/cd/controldegestion/1. Plan y Control/3. Panel de Control/2 Survial/2019/1910. Octubre;1909. Carpeta de Comité S-C Oct19.pdf;Item
sitios/cd/controldegestion/1. Plan y Control/3. Panel de Control/2 Survial/2019/1911. Noviembre;1911. Carpeta de Comité S-C NOV19 (001).pdf;Item
